{
  "project_info": {
    "project_number": "313291948398",
    "project_id": "fir-ebfc6",
    "storage_bucket": "fir-ebfc6.appspot.com"
  },
  "client": [
    {
      "client_info": {
        "mobilesdk_app_id": "1:313291948398:android:fbbe8759b23b75dd8b817f",
        "android_client_info": {
          "package_name": "com.example.firebase"
        }
      },
      "oauth_client": [
        {
          "client_id": "313291948398-9d51imsqm478u7bsj04l9mi1dus8f9ib.apps.googleusercontent.com",
          "client_type": 3
        }
      ],
      "api_key": [
        {
          "current_key": "AIzaSyBBXzEI15AFi05ivDpkLxKxzkBHY6IBfg0"
        }
      ],
      "services": {
        "appinvite_service": {
          "other_platform_oauth_client": [
            {
              "client_id": "313291948398-9d51imsqm478u7bsj04l9mi1dus8f9ib.apps.googleusercontent.com",
              "client_type": 3
            }
          ]
        }
      }
    }
  ],
  "configuration_version": "1"
}